QueryNumber;DocNumber;DocVotes
0;139;4
0;151;4
0;166;1
0;311;1
0;370;2
0;392;1
0;439;1
0;440;2
0;441;4
0;454;1
0;461;4
0;502;1
0;503;1
0;505;1
0;520;2
0;522;1
0;526;3
0;527;2
0;533;4
0;593;1
0;619;1
0;737;1
0;742;1
0;789;1
0;827;1
0;835;1
0;861;1
0;875;4
0;891;1
0;921;2
0;922;2
0;1175;1
0;1185;1
0;1222;1
1;169;1
1;434;2
1;454;1
1;498;1
1;499;1
1;592;1
1;875;3
2;23;1
2;40;1
2;139;4
2;190;1
2;221;1
2;246;1
2;309;1
2;311;2
2;325;1
2;345;1
2;347;1
2;356;1
2;370;2
2;374;1
2;375;4
2;439;1
2;440;3
2;454;3
2;515;1
2;520;1
2;524;1
2;526;2
2;527;3
2;533;1
2;535;1
2;560;1
2;561;1
2;571;1
2;584;1
2;604;1
2;623;1
2;633;4
2;733;1
2;742;2
2;854;1
2;856;4
2;950;1
2;967;1
2;1144;4
2;1161;1
2;1172;1
2;1175;1
2;1196;1
3;503;1
3;538;1
3;539;1
3;540;1
3;553;1
3;604;4
3;669;2
3;711;4
3;876;4
4;23;3
4;47;4
4;50;1
4;60;1
4;114;2
4;132;1
4;135;1
4;139;1
4;151;4
4;169;1
4;189;1
4;190;1
4;197;1
4;200;1
4;226;1
4;256;4
4;265;1
4;297;1
4;298;1
4;299;1
4;311;1
4;312;1
4;325;3
4;333;1
4;343;1
4;347;2
4;349;1
4;369;1
4;370;4
4;371;1
4;374;4
4;386;2
4;392;1
4;410;1
4;420;1
4;427;1
4;428;1
4;430;2
4;434;1
4;437;1
4;439;4
4;440;1
4;441;1
4;450;1
4;461;3
4;465;2
4;478;1
4;496;3
4;497;4
4;498;4
4;499;4
4;500;3
4;501;1
4;502;1
4;503;4
4;505;1
4;511;3
4;513;1
4;516;2
4;520;1
4;524;2
4;531;1
4;533;4
4;549;1
4;553;2
4;559;1
4;561;1
4;568;1
4;590;1
4;592;2
4;593;4
4;604;1
4;605;1
4;633;4
4;669;1
4;701;1
4;702;1
4;710;4
4;711;1
4;722;1
4;724;1
4;729;1
4;731;1
4;733;1
4;750;1
4;761;1
4;763;1
4;772;1
4;779;1
4;788;1
4;805;4
4;843;1
4;845;1
4;856;4
4;857;1
4;861;4
4;864;1
4;867;2
4;875;4
4;876;1
4;888;1
4;889;1
4;895;3
4;925;1
4;935;1
4;943;1
4;944;1
4;975;4
4;980;3
4;982;1
4;990;1
4;1000;1
4;1019;1
4;1038;1
4;1040;1
4;1064;3
4;1076;1
4;1080;1
4;1088;1
4;1091;1
4;1092;1
4;1093;1
4;1098;1
4;1144;4
4;1156;1
4;1175;3
4;1185;1
4;1188;1
4;1196;1
4;1223;1
4;1226;1
5;25;1
5;31;4
5;90;1
5;195;1
5;326;1
5;370;2
5;438;1
5;440;1
5;441;1
5;503;3
5;511;1
5;586;1
5;592;2
5;593;1
5;722;1
5;731;1
5;734;1
5;805;1
5;875;3
5;922;1
5;963;1
5;975;2
5;1092;1
5;1093;1
6;45;1
6;53;1
6;166;1
6;171;1
6;256;2
6;370;1
6;371;4
6;386;1
6;410;1
6;439;2
6;535;1
6;623;4
6;633;1
6;634;1
6;640;1
6;669;1
6;831;1
6;853;1
6;856;4
6;857;1
6;921;1
6;1027;1
6;1054;2
6;1056;1
6;1057;1
6;1059;1
6;1064;3
6;1161;1
7;23;4
7;169;1
7;322;1
7;370;1
7;386;1
7;435;1
7;439;2
7;463;1
7;496;1
7;497;1
7;498;1
7;499;4
7;503;1
7;605;1
7;683;3
7;710;1
7;750;1
7;771;1
7;867;1
7;875;1
7;944;1
7;1125;3
8;165;4
8;174;1
8;362;1
8;370;1
8;414;4
8;443;1
8;794;3
8;992;2
8;1040;1
8;1115;2
9;30;4
9;126;2
9;157;4
9;170;4
9;296;4
9;301;1
9;322;1
9;370;2
9;413;4
9;443;3
9;581;4
9;676;4
9;715;1
9;722;1
9;728;3
9;758;1
9;782;2
9;835;1
9;878;4
9;941;1
9;1115;4
9;1215;1
9;1218;4
9;1234;1
9;1239;3
10;36;1
10;46;1
10;96;3
10;186;1
10;301;1
10;428;2
10;518;3
10;649;1
10;652;1
10;659;1
10;772;2
10;796;4
10;798;4
10;799;1
10;835;1
10;837;1
10;908;1
10;909;4
10;991;4
10;1119;1
10;1178;1
10;1226;1
11;70;4
11;181;1
11;443;3
11;466;3
11;755;1
11;918;1
11;1115;1
12;156;4
12;301;4
12;314;4
12;322;3
12;370;1
12;443;3
12;462;2
12;522;1
12;643;1
12;695;3
12;715;1
12;719;1
12;722;1
12;763;2
12;764;1
12;791;4
12;822;1
12;900;1
12;902;3
12;978;1
12;1017;1
12;1033;1
12;1097;1
12;1124;1
13;5;2
13;89;1
13;92;1
13;131;4
13;135;1
13;150;4
13;156;1
13;203;1
13;232;1
13;233;4
13;234;4
13;291;1
13;297;1
13;314;1
13;319;1
13;344;4
13;345;3
13;356;1
13;367;3
13;370;3
13;379;1
13;405;4
13;413;1
13;417;4
13;419;1
13;421;1
13;424;1
13;462;4
13;465;3
13;492;1
13;584;2
13;602;3
13;616;3
13;635;4
13;662;1
13;695;1
13;719;2
13;777;3
13;791;4
13;809;1
13;815;4
13;852;4
13;889;1
13;899;4
13;930;1
13;941;3
13;1000;1
13;1008;3
13;1013;2
13;1100;4
13;1117;3
13;1124;4
13;1135;2
13;1206;1
13;1234;2
14;17;1
14;59;4
14;63;1
14;72;1
14;91;1
14;95;1
14;97;1
14;98;1
14;99;4
14;135;1
14;149;3
14;174;3
14;197;2
14;204;4
14;205;4
14;226;1
14;232;1
14;238;1
14;266;4
14;297;1
14;301;4
14;322;4
14;339;4
14;350;1
14;354;1
14;355;4
14;364;4
14;370;4
14;385;4
14;398;2
14;408;1
14;410;3
14;413;1
14;414;1
14;420;1
14;422;4
14;423;4
14;424;1
14;426;1
14;434;1
14;443;4
14;474;3
14;545;4
14;549;4
14;550;1
14;601;4
14;603;2
14;611;1
14;642;2
14;643;1
14;657;1
14;673;1
14;690;4
14;700;4
14;720;4
14;722;4
14;724;1
14;725;2
14;729;1
14;731;1
14;735;1
14;747;2
14;752;4
14;763;3
14;764;2
14;767;1
14;792;1
14;794;1
14;816;1
14;822;1
14;833;1
14;837;1
14;844;1
14;853;1
14;854;3
14;857;1
14;863;2
14;870;4
14;875;1
14;888;1
14;889;1
14;900;2
14;944;2
14;990;1
14;993;1
14;994;4
14;1000;2
14;1013;2
14;1016;2
14;1027;1
14;1033;1
14;1040;1
14;1093;1
14;1098;1
14;1115;1
14;1162;2
14;1184;4
14;1187;1
14;1192;4
14;1195;1
14;1226;1
14;1232;1
14;1234;1
14;1235;3
15;5;1
15;10;1
15;17;1
15;36;1
15;41;2
15;46;4
15;69;1
15;72;1
15;89;4
15;92;1
15;95;4
15;97;1
15;98;1
15;126;1
15;129;3
15;130;1
15;132;1
15;134;1
15;135;2
15;148;1
15;150;1
15;168;1
15;181;3
15;182;4
15;186;4
15;189;1
15;197;1
15;202;1
15;205;1
15;212;1
15;225;1
15;226;1
15;238;2
15;240;3
15;255;1
15;288;1
15;290;1
15;292;1
15;297;1
15;298;2
15;301;4
15;314;3
15;320;1
15;322;4
15;330;1
15;331;1
15;333;2
15;350;2
15;357;1
15;359;2
15;364;4
15;370;4
15;376;3
15;386;1
15;396;4
15;398;2
15;413;1
15;421;1
15;424;3
15;428;2
15;434;1
15;443;4
15;462;1
15;466;4
15;468;4
15;472;1
15;473;1
15;475;4
15;478;2
15;489;1
15;490;1
15;510;1
15;512;1
15;518;3
15;522;3
15;550;2
15;553;1
15;559;1
15;581;1
15;582;2
15;586;1
15;594;3
15;615;1
15;616;1
15;641;3
15;642;3
15;643;2
15;649;4
15;656;1
15;657;2
15;658;2
15;659;4
15;660;2
15;662;2
15;673;1
15;676;1
15;708;1
15;709;1
15;711;1
15;715;1
15;719;2
15;722;4
15;723;1
15;724;1
15;725;1
15;727;4
15;729;1
15;730;1
15;731;1
15;735;1
15;755;3
15;756;4
15;758;1
15;762;1
15;763;3
15;764;1
15;767;1
15;770;2
15;772;4
15;783;1
15;791;2
15;797;1
15;799;4
15;809;1
15;810;1
15;816;2
15;822;1
15;834;4
15;835;1
15;837;1
15;844;1
15;867;1
15;870;1
15;872;3
15;875;1
15;882;1
15;888;1
15;889;1
15;893;1
15;896;1
15;901;3
15;902;2
15;919;1
15;928;1
15;932;1
15;935;4
15;937;2
15;938;1
15;941;1
15;943;2
15;944;2
15;970;1
15;974;1
15;984;2
15;990;1
15;991;1
15;993;4
15;994;1
15;1000;2
15;1002;2
15;1016;3
15;1017;4
15;1023;1
15;1033;1
15;1037;1
15;1051;1
15;1066;1
15;1076;1
15;1080;1
15;1098;1
15;1101;1
15;1115;1
15;1135;1
15;1154;3
15;1158;1
15;1189;1
15;1192;4
15;1226;3
15;1232;1
15;1234;2
16;49;4
16;89;3
16;101;1
16;128;1
16;132;1
16;135;1
16;153;1
16;189;1
16;233;1
16;238;1
16;297;1
16;298;1
16;301;1
16;330;1
16;333;1
16;357;4
16;359;3
16;370;3
16;428;2
16;443;2
16;450;1
16;506;1
16;643;2
16;660;1
16;662;3
16;688;4
16;722;1
16;729;1
16;730;2
16;731;1
16;735;1
16;791;4
16;810;4
16;816;2
16;837;1
16;839;1
16;845;1
16;882;1
16;889;1
16;897;1
16;937;1
16;938;1
16;941;2
16;944;2
16;1000;1
16;1023;1
16;1040;1
16;1069;1
16;1080;1
16;1088;1
16;1101;4
16;1103;3
16;1115;1
16;1187;1
16;1234;1
17;129;4
17;153;1
17;205;3
17;226;1
17;364;1
17;370;2
17;414;1
17;424;3
17;443;1
17;642;1
17;656;2
17;657;2
17;658;2
17;660;2
17;725;3
17;816;1
17;935;2
17;993;3
17;994;1
17;1016;3
17;1162;2
18;21;3
18;49;1
18;359;3
18;370;2
18;398;1
18;432;4
18;455;1
18;487;4
18;506;4
18;618;4
18;626;4
18;672;4
18;688;4
18;693;4
18;897;4
18;936;1
18;944;1
18;1000;1
18;1049;4
18;1103;4
18;1129;1
18;1205;1
19;126;4
19;133;1
19;153;1
19;181;1
19;207;4
19;208;4
19;220;4
19;278;4
19;283;2
19;286;4
19;287;4
19;288;2
19;290;4
19;292;4
19;370;2
19;443;1
19;538;4
19;539;4
19;540;4
19;544;4
19;604;1
19;643;1
19;711;3
19;715;3
19;731;1
19;758;4
19;767;1
19;791;1
19;823;4
19;824;2
19;882;1
19;919;1
19;924;4
19;928;1
19;944;1
19;962;4
19;970;2
19;1066;4
19;1080;1
19;1115;4
19;1168;4
19;1189;1
19;1213;4
19;1215;4
19;1234;2
19;1239;3
20;68;4
20;97;1
20;98;2
20;181;1
20;251;4
20;413;1
20;416;1
20;434;1
20;443;1
20;551;1
20;615;1
20;676;1
20;708;4
20;709;4
20;719;2
20;722;1
20;751;1
20;756;1
20;757;1
20;932;1
20;941;3
20;1098;1
20;1115;4
20;1158;4
20;1189;1
21;13;4
21;39;2
21;67;1
21;69;1
21;104;1
21;130;4
21;189;1
21;197;1
21;221;1
21;226;1
21;237;2
21;247;1
21;258;4
21;262;4
21;276;4
21;322;1
21;325;1
21;333;1
21;342;2
21;343;2
21;350;1
21;365;1
21;370;3
21;392;1
21;431;4
21;464;1
21;465;1
21;473;4
21;478;4
21;503;3
21;510;2
21;512;2
21;514;2
21;586;1
21;590;2
21;654;2
21;671;3
21;682;1
21;692;4
21;704;4
21;713;1
21;729;1
21;731;1
21;735;1
21;764;4
21;774;2
21;788;3
21;843;2
21;845;1
21;871;2
21;880;3
21;881;2
21;882;1
21;888;1
21;898;4
21;908;4
21;942;1
21;946;1
21;968;1
21;1000;1
21;1033;1
21;1040;1
21;1083;4
21;1093;1
21;1114;2
21;1144;1
21;1156;4
21;1166;2
21;1194;4
21;1195;1
22;9;4
22;10;4
22;11;2
22;12;4
22;34;4
22;42;4
22;99;4
22;162;1
22;163;1
22;167;1
22;198;1
22;248;1
22;285;1
22;322;2
22;350;2
22;370;2
22;426;4
22;434;4
22;464;1
22;509;4
22;541;4
22;582;1
22;583;1
22;598;1
22;716;2
22;780;1
22;859;3
22;883;1
22;888;2
22;979;4
22;984;1
22;1096;2
22;1114;4
22;1156;1
22;1163;1
23;32;2
23;72;1
23;199;1
23;207;1
23;210;3
23;240;1
23;254;4
23;331;1
23;370;1
23;377;1
23;411;1
23;477;1
23;492;1
23;522;1
23;552;1
23;559;1
23;611;2
23;647;4
23;677;1
23;724;1
23;763;1
23;858;1
23;913;4
23;915;4
23;926;4
23;934;1
23;1000;1
23;1031;3
23;1109;4
23;1195;4
23;1232;1
24;72;4
24;74;3
24;83;3
24;84;2
24;106;3
24;112;1
24;120;2
24;141;1
24;162;2
24;172;1
24;198;3
24;221;1
24;276;1
24;370;2
24;390;1
24;392;1
24;411;4
24;415;1
24;425;1
24;431;4
24;432;1
24;464;1
24;465;3
24;503;4
24;505;1
24;530;1
24;550;1
24;559;1
24;566;1
24;568;1
24;569;3
24;622;1
24;647;4
24;855;1
24;858;4
24;875;1
24;880;1
24;881;2
24;891;1
24;913;4
24;915;1
24;926;4
24;949;1
24;977;1
24;1027;1
24;1031;1
24;1083;1
24;1156;2
24;1194;4
24;1195;4
24;1210;1
25;74;2
25;104;4
25;199;4
25;221;1
25;281;4
25;285;4
25;328;4
25;333;1
25;342;3
25;343;2
25;370;1
25;392;1
25;431;4
25;434;1
25;442;1
25;465;1
25;485;1
25;488;1
25;490;1
25;610;4
25;617;4
25;665;4
25;713;1
25;774;2
25;807;4
25;855;1
25;881;2
25;942;3
25;1061;4
25;1144;4
25;1166;4
25;1194;4
25;1195;1
26;98;3
26;179;1
26;599;4
26;756;1
26;858;1
26;905;4
26;912;1
26;913;2
26;1000;1
26;1083;1
26;1096;1
27;134;1
27;135;2
27;136;1
27;215;4
27;274;1
27;300;1
27;322;1
27;331;1
27;333;1
27;343;1
27;351;4
27;352;4
27;370;4
27;392;1
27;398;1
27;465;1
27;467;1
27;477;4
27;510;1
27;550;1
27;559;1
27;586;1
27;611;1
27;665;1
27;722;3
27;724;2
27;729;1
27;735;1
27;759;4
27;763;2
27;822;4
27;832;1
27;837;1
27;875;1
27;882;1
27;913;1
27;937;1
27;942;2
27;944;1
27;969;1
27;990;1
27;1000;3
27;1033;2
27;1040;2
27;1083;4
27;1093;2
27;1187;1
27;1192;2
27;1222;1
27;1226;1
27;1234;2
28;15;3
28;100;1
28;215;4
28;274;4
28;300;4
28;322;4
28;333;2
28;343;1
28;350;2
28;351;4
28;352;4
28;353;3
28;370;4
28;385;1
28;392;1
28;434;1
28;442;1
28;477;3
28;510;1
28;553;1
28;687;1
28;714;2
28;722;3
28;724;2
28;729;1
28;759;4
28;763;3
28;764;1
28;788;1
28;822;2
28;832;4
28;837;1
28;875;1
28;937;1
28;942;2
28;944;3
28;1000;1
28;1033;1
28;1040;2
28;1083;1
28;1093;1
28;1184;1
28;1192;4
28;1234;2
29;117;1
29;328;2
29;332;1
29;433;4
29;492;1
29;557;1
29;586;4
29;687;1
29;775;1
29;880;4
29;881;1
29;911;4
29;942;2
29;1001;2
29;1084;1
29;1224;4
29;1234;1
30;43;4
30;69;1
30;127;4
30;128;1
30;136;3
30;145;1
30;168;2
30;189;4
30;213;1
30;226;4
30;239;4
30;272;1
30;330;4
30;331;2
30;332;4
30;359;1
30;370;4
30;389;1
30;433;4
30;448;4
30;467;4
30;512;1
30;550;1
30;551;2
30;557;4
30;586;4
30;620;2
30;628;3
30;651;4
30;701;2
30;722;2
30;724;1
30;729;2
30;735;1
30;760;4
30;762;1
30;764;1
30;839;4
30;845;4
30;882;4
30;937;2
30;938;4
30;940;2
30;942;3
30;944;1
30;999;4
30;1000;2
30;1020;4
30;1022;4
30;1036;4
30;1040;3
30;1084;4
30;1093;1
30;1187;2
30;1224;3
30;1232;1
30;1233;4
30;1234;2
31;43;1
31;127;1
31;128;1
31;181;1
31;184;4
31;189;1
31;212;2
31;226;1
31;239;2
31;315;1
31;330;1
31;331;1
31;370;1
31;389;4
31;433;4
31;467;1
31;473;1
31;489;1
31;506;1
31;586;3
31;722;4
31;735;1
31;764;1
31;882;1
31;937;1
31;999;1
31;1040;2
31;1093;1
31;1220;1
31;1234;2
32;37;2
32;65;1
32;91;4
32;94;3
32;96;1
32;210;3
32;225;2
32;297;1
32;359;3
32;370;4
32;403;4
32;404;1
32;413;1
32;465;4
32;515;1
32;612;4
32;637;3
32;638;3
32;663;1
32;719;1
32;721;4
32;731;1
32;763;2
32;764;1
32;773;1
32;793;1
32;795;1
32;797;3
32;811;4
32;818;3
32;822;1
32;825;4
32;846;1
32;882;1
32;888;2
32;889;1
32;916;4
32;920;4
32;927;4
32;978;3
32;981;1
32;995;4
32;996;4
32;1000;1
32;1023;1
32;1052;4
32;1072;1
32;1098;1
32;1105;4
32;1113;4
32;1122;4
32;1123;3
32;1183;4
32;1186;4
32;1189;2
32;1215;1
32;1234;4
33;37;4
33;65;4
33;76;2
33;77;1
33;94;1
33;135;1
33;225;1
33;235;1
33;236;1
33;247;1
33;261;4
33;277;1
33;297;1
33;359;1
33;403;4
33;404;4
33;465;4
33;471;4
33;552;1
33;627;1
33;637;4
33;638;4
33;721;4
33;773;4
33;795;4
33;817;4
33;818;1
33;825;1
33;846;4
33;916;4
33;933;1
33;941;1
33;944;1
33;995;4
33;1000;1
33;1023;1
33;1052;2
33;1186;1
33;1234;1
34;32;1
34;120;1
34;210;4
34;811;3
34;825;1
34;888;1
34;913;3
34;915;3
34;920;1
34;926;1
34;948;1
34;1105;1
34;1109;4
34;1119;1
35;66;1
35;325;1
35;370;1
35;403;2
35;612;3
35;721;1
35;722;3
35;724;1
35;1052;3
36;3;4
36;4;1
36;28;3
36;33;4
36;35;4
36;38;4
36;65;2
36;71;4
36;76;2
36;116;1
36;119;1
36;120;4
36;131;4
36;148;1
36;150;1
36;158;4
36;175;4
36;203;4
36;220;1
36;225;4
36;231;2
36;233;1
36;234;4
36;238;2
36;247;4
36;280;4
36;291;1
36;294;1
36;318;4
36;319;4
36;333;3
36;334;2
36;342;1
36;345;1
36;370;2
36;378;4
36;379;4
36;380;4
36;392;1
36;403;1
36;428;2
36;433;1
36;443;1
36;465;4
36;470;4
36;476;4
36;482;4
36;483;4
36;491;4
36;492;4
36;510;1
36;512;1
36;514;1
36;596;1
36;600;4
36;627;4
36;671;1
36;697;4
36;711;1
36;712;4
36;717;4
36;721;1
36;731;1
36;774;3
36;776;1
36;815;4
36;817;4
36;818;1
36;831;4
36;835;4
36;849;4
36;866;3
36;871;2
36;877;4
36;888;1
36;930;4
36;933;4
36;941;1
36;942;4
36;944;1
36;946;4
36;991;4
36;1008;4
36;1011;3
36;1014;4
36;1028;4
36;1080;1
36;1126;4
36;1128;4
36;1130;1
36;1131;4
36;1133;4
36;1135;3
36;1174;4
36;1176;4
36;1178;4
36;1182;4
36;1234;4
37;14;4
37;76;1
37;117;2
37;142;1
37;252;1
37;360;4
37;370;1
37;390;4
37;392;1
37;444;1
37;465;4
37;503;1
37;505;1
37;510;1
37;572;1
37;573;1
37;621;1
37;622;1
37;627;1
37;634;4
37;644;4
37;646;2
37;666;2
37;702;1
37;729;1
37;776;1
37;786;1
37;856;1
37;862;1
37;866;1
37;873;2
37;881;1
37;882;1
37;888;1
37;971;4
37;990;1
37;1001;1
37;1024;2
37;1027;1
37;1029;1
37;1059;1
37;1066;1
37;1068;4
37;1072;1
37;1075;1
37;1130;4
37;1136;4
37;1140;4
37;1146;2
37;1148;2
37;1160;2
37;1230;1
37;1234;3
38;3;1
38;67;1
38;74;1
38;76;1
38;83;4
38;84;1
38;85;4
38;102;1
38;107;1
38;108;1
38;112;2
38;135;1
38;143;1
38;216;4
38;217;4
38;218;4
38;219;4
38;221;4
38;222;4
38;225;4
38;226;1
38;230;2
38;233;1
38;235;4
38;236;4
38;244;1
38;248;1
38;249;4
38;252;3
38;254;2
38;263;3
38;276;1
38;277;4
38;289;4
38;293;4
38;297;1
38;301;1
38;304;4
38;306;1
38;307;2
38;308;1
38;338;4
38;342;1
38;343;1
38;356;3
38;360;1
38;365;1
38;366;1
38;370;1
38;392;1
38;404;1
38;407;4
38;412;3
38;420;4
38;433;2
38;453;1
38;465;1
38;470;4
38;488;2
38;490;1
38;494;1
38;503;1
38;505;2
38;508;2
38;510;2
38;529;2
38;530;1
38;532;1
38;534;2
38;535;1
38;553;3
38;560;4
38;563;1
38;564;2
38;565;1
38;566;1
38;567;2
38;568;1
38;569;1
38;570;2
38;571;2
38;572;1
38;573;3
38;576;1
38;584;4
38;586;1
38;608;2
38;610;1
38;619;4
38;621;1
38;622;1
38;627;1
38;639;4
38;645;4
38;646;2
38;647;1
38;652;1
38;654;4
38;702;1
38;716;3
38;729;1
38;738;1
38;739;1
38;740;1
38;744;1
38;746;1
38;749;1
38;776;1
38;777;2
38;786;2
38;845;1
38;849;1
38;851;4
38;862;1
38;869;2
38;873;4
38;881;2
38;882;1
38;888;1
38;889;1
38;892;1
38;902;1
38;918;1
38;942;1
38;944;1
38;949;2
38;966;2
38;971;4
38;990;1
38;1001;2
38;1026;1
38;1027;2
38;1029;2
38;1044;1
38;1066;1
38;1070;1
38;1072;1
38;1076;1
38;1096;1
38;1127;3
38;1135;1
38;1136;1
38;1137;4
38;1139;4
38;1140;1
38;1141;4
38;1146;2
38;1148;2
38;1160;1
38;1161;1
38;1185;1
38;1194;1
38;1209;1
38;1210;1
38;1211;2
38;1222;1
38;1224;1
38;1225;4
38;1230;2
38;1234;4
38;1236;1
38;1238;1
39;2;1
39;3;4
39;4;4
39;5;1
39;9;1
39;10;1
39;17;1
39;28;4
39;32;1
39;35;1
39;76;1
39;77;4
39;95;3
39;103;1
39;105;1
39;108;1
39;109;2
39;112;1
39;115;1
39;116;4
39;119;2
39;120;1
39;132;1
39;142;1
39;144;1
39;150;2
39;151;1
39;169;1
39;173;1
39;189;1
39;198;1
39;210;1
39;225;4
39;231;4
39;233;4
39;235;1
39;236;1
39;240;3
39;248;1
39;249;1
39;252;2
39;254;4
39;261;1
39;263;1
39;277;4
39;279;1
39;289;1
39;291;1
39;293;2
39;294;3
39;297;1
39;298;1
39;304;1
39;308;1
39;333;1
39;338;1
39;344;2
39;345;1
39;351;1
39;352;1
39;370;2
39;392;1
39;404;4
39;405;4
39;407;1
39;413;1
39;417;2
39;420;2
39;434;1
39;465;4
39;478;1
39;479;4
39;508;1
39;510;1
39;515;1
39;526;1
39;529;1
39;532;1
39;535;1
39;553;1
39;560;2
39;571;1
39;572;1
39;573;2
39;576;1
39;583;1
39;613;1
39;616;1
39;619;1
39;645;1
39;646;1
39;654;1
39;673;1
39;677;1
39;731;1
39;735;1
39;763;1
39;780;1
39;785;4
39;786;4
39;815;4
39;849;1
39;851;1
39;852;1
39;869;1
39;882;1
39;888;1
39;899;3
39;931;1
39;941;4
39;942;1
39;949;1
39;954;2
39;956;1
39;959;1
39;1000;1
39;1008;4
39;1024;1
39;1027;1
39;1029;1
39;1052;2
39;1080;2
39;1100;4
39;1105;1
39;1109;1
39;1117;4
39;1124;3
39;1126;1
39;1127;2
39;1128;1
39;1130;1
39;1131;1
39;1132;1
39;1133;2
39;1135;4
39;1137;4
39;1139;3
39;1141;3
39;1146;1
39;1148;1
39;1160;2
39;1161;1
39;1192;1
39;1193;4
39;1230;3
39;1234;4
40;46;1
40;296;1
40;301;1
40;322;1
40;370;1
40;392;1
40;603;4
40;941;1
40;998;2
40;1106;4
40;1107;4
40;1108;4
40;1115;4
40;1184;1
40;1190;4
41;5;1
41;46;1
41;57;4
41;92;4
41;135;1
41;209;4
41;245;3
41;297;1
41;301;4
41;314;1
41;317;4
41;322;1
41;337;4
41;339;1
41;370;2
41;416;4
41;434;1
41;443;3
41;489;1
41;505;4
41;509;1
41;550;1
41;585;4
41;586;1
41;601;1
41;695;4
41;719;1
41;722;1
41;724;1
41;731;1
41;763;1
41;764;1
41;770;1
41;822;1
41;837;1
41;888;1
41;931;3
41;944;1
41;1000;1
41;1033;1
41;1040;1
41;1085;3
41;1093;1
41;1187;1
41;1192;1
41;1232;1
41;1234;2
42;3;1
42;4;1
42;28;1
42;54;4
42;65;1
42;66;4
42;91;1
42;94;1
42;119;2
42;124;4
42;125;4
42;135;1
42;137;1
42;140;4
42;147;1
42;172;4
42;173;3
42;199;1
42;221;1
42;261;2
42;294;1
42;301;1
42;302;2
42;303;3
42;307;1
42;308;1
42;311;1
42;324;1
42;334;1
42;361;1
42;370;4
42;386;1
42;392;2
42;404;1
42;418;4
42;430;1
42;440;4
42;441;4
42;461;3
42;471;1
42;484;2
42;490;1
42;493;1
42;504;4
42;505;1
42;522;2
42;526;2
42;527;1
42;560;1
42;562;1
42;563;1
42;568;4
42;570;1
42;571;1
42;575;1
42;636;1
42;655;1
42;693;1
42;694;1
42;707;1
42;714;2
42;733;1
42;737;1
42;741;1
42;758;1
42;793;1
42;795;1
42;817;1
42;818;1
42;864;1
42;889;1
42;891;2
42;913;1
42;916;1
42;918;3
42;921;3
42;944;1
42;958;2
42;960;4
42;966;2
42;967;2
42;975;1
42;982;1
42;997;1
42;1000;1
42;1080;1
42;1093;1
42;1094;1
42;1121;1
42;1156;1
42;1167;2
42;1172;2
42;1184;1
42;1185;1
42;1199;2
42;1200;4
42;1209;1
42;1216;1
43;44;4
43;45;1
43;53;4
43;67;4
43;72;4
43;74;4
43;83;2
43;84;4
43;106;2
43;108;1
43;118;1
43;121;1
43;122;2
43;124;4
43;125;1
43;135;1
43;138;1
43;142;1
43;143;4
43;154;4
43;166;1
43;171;4
43;172;1
43;190;4
43;235;3
43;236;4
43;242;3
43;243;3
43;244;3
43;257;2
43;264;3
43;269;4
43;276;1
43;297;1
43;310;1
43;312;4
43;325;4
43;336;4
43;360;2
43;370;1
43;371;1
43;381;1
43;386;4
43;390;4
43;392;1
43;399;4
43;409;1
43;411;4
43;415;3
43;430;2
43;435;1
43;436;3
43;453;4
43;465;1
43;493;2
43;495;4
43;503;1
43;504;4
43;523;2
43;528;4
43;538;1
43;548;4
43;561;4
43;563;1
43;566;4
43;567;4
43;568;4
43;569;3
43;570;3
43;572;3
43;574;4
43;575;4
43;576;1
43;590;1
43;608;1
43;621;4
43;622;4
43;623;4
43;624;4
43;625;4
43;634;4
43;636;4
43;645;2
43;647;4
43;655;4
43;666;4
43;691;4
43;702;4
43;737;4
43;743;4
43;747;1
43;750;4
43;765;4
43;766;4
43;767;1
43;786;4
43;840;4
43;841;3
43;847;4
43;850;4
43;856;1
43;858;4
43;862;1
43;873;4
43;875;1
43;951;4
43;953;4
43;961;1
43;967;4
43;971;4
43;973;4
43;1024;4
43;1029;4
43;1030;4
43;1053;4
43;1054;1
43;1055;4
43;1057;3
43;1059;4
43;1070;1
43;1072;4
43;1130;1
43;1136;1
43;1139;1
43;1142;2
43;1144;1
43;1146;3
43;1148;4
43;1156;4
43;1157;1
43;1160;4
43;1185;4
43;1196;1
43;1201;4
43;1202;4
43;1210;1
43;1212;1
43;1222;4
43;1230;4
43;1231;3
44;278;1
44;283;1
44;286;1
44;287;2
44;288;1
44;289;3
44;290;3
44;292;3
44;293;3
44;338;4
44;538;3
44;540;1
44;715;1
44;758;2
44;803;4
44;919;4
44;924;4
44;1050;1
44;1159;4
44;1168;1
45;51;4
45;53;4
45;370;1
45;410;2
45;430;1
45;500;1
45;503;4
45;516;4
45;553;2
45;568;1
45;623;1
45;702;4
45;737;4
45;854;4
45;856;4
45;857;1
45;1196;1
45;1212;4
46;15;1
46;57;1
46;92;3
46;118;1
46;121;1
46;125;1
46;163;4
46;165;1
46;172;2
46;183;1
46;208;1
46;209;3
46;245;1
46;259;1
46;278;1
46;279;1
46;283;1
46;286;1
46;287;1
46;295;4
46;296;1
46;301;3
46;302;1
46;317;3
46;337;1
46;361;1
46;370;1
46;406;4
46;416;1
46;436;1
46;505;4
46;508;3
46;525;1
46;585;3
46;613;3
46;684;4
46;694;4
46;695;3
46;707;2
46;781;1
46;862;1
46;868;1
46;906;4
46;928;1
46;931;1
46;971;1
46;998;2
46;1000;2
46;1013;1
46;1058;3
46;1075;1
46;1106;1
46;1107;1
46;1108;1
46;1129;1
46;1132;1
46;1165;4
46;1192;1
46;1194;1
46;1206;1
47;44;2
47;72;1
47;74;1
47;124;3
47;143;1
47;154;4
47;190;1
47;257;2
47;312;1
47;336;4
47;386;1
47;422;1
47;436;4
47;453;4
47;493;2
47;495;3
47;523;3
47;548;3
47;566;1
47;568;4
47;576;4
47;691;1
47;765;1
47;766;1
47;786;1
47;850;4
47;967;2
47;1142;3
47;1201;1
47;1231;4
48;72;1
48;84;1
48;138;4
48;143;4
48;230;3
48;313;4
48;370;1
48;392;2
48;393;3
48;430;1
48;436;4
48;440;1
48;465;1
48;493;4
48;503;1
48;504;4
48;505;1
48;523;3
48;530;1
48;553;1
48;562;3
48;563;3
48;566;1
48;568;4
48;570;2
48;586;1
48;608;1
48;624;4
48;625;4
48;691;3
48;726;1
48;743;3
48;749;2
48;953;4
48;972;4
48;1198;4
49;44;1
49;259;4
49;309;1
49;347;1
49;435;4
49;440;2
49;495;4
49;505;1
49;543;1
49;548;4
49;568;2
49;570;1
49;575;1
49;601;1
49;634;1
49;829;1
49;848;4
49;953;4
49;961;4
49;973;3
49;1058;1
49;1156;4
49;1157;4
49;1159;4
49;1160;1
50;1;1
50;11;1
50;14;1
50;18;3
50;19;3
50;26;4
50;44;3
50;51;1
50;55;1
50;62;1
50;63;1
50;66;1
50;67;4
50;72;4
50;83;1
50;84;4
50;85;4
50;102;2
50;107;3
50;108;1
50;112;4
50;114;4
50;122;4
50;124;1
50;135;1
50;137;4
50;141;4
50;142;4
50;177;1
50;190;1
50;191;4
50;196;2
50;200;1
50;201;4
50;214;4
50;216;1
50;217;1
50;218;1
50;219;1
50;221;1
50;222;1
50;225;4
50;230;1
50;235;4
50;236;4
50;245;1
50;249;4
50;252;1
50;254;4
50;263;1
50;264;2
50;270;4
50;276;1
50;277;3
50;279;2
50;281;2
50;289;1
50;297;2
50;302;4
50;303;4
50;304;4
50;305;4
50;306;4
50;307;2
50;308;4
50;311;1
50;322;1
50;325;4
50;333;3
50;337;2
50;343;1
50;345;1
50;355;1
50;360;2
50;365;4
50;366;4
50;370;4
50;382;1
50;383;3
50;386;4
50;391;2
50;392;4
50;400;4
50;402;1
50;407;4
50;415;3
50;417;1
50;418;4
50;419;4
50;430;3
50;435;1
50;437;1
50;440;1
50;442;4
50;444;4
50;445;4
50;465;4
50;481;4
50;484;4
50;488;1
50;490;4
50;493;2
50;494;4
50;495;1
50;498;4
50;501;4
50;502;1
50;503;2
50;504;4
50;505;1
50;510;1
50;511;3
50;517;2
50;521;3
50;526;1
50;528;4
50;529;4
50;530;4
50;531;4
50;532;4
50;534;4
50;535;4
50;548;1
50;553;4
50;560;4
50;562;2
50;563;4
50;564;4
50;565;4
50;566;4
50;568;4
50;569;4
50;570;4
50;571;1
50;572;4
50;573;4
50;574;4
50;575;4
50;576;1
50;589;1
50;590;2
50;605;4
50;608;4
50;625;1
50;627;1
50;636;2
50;639;2
50;643;1
50;646;4
50;675;2
50;681;4
50;685;4
50;707;1
50;726;4
50;733;1
50;737;1
50;738;4
50;739;4
50;740;4
50;741;4
50;744;4
50;745;1
50;746;4
50;747;1
50;748;4
50;749;4
50;779;2
50;789;3
50;790;1
50;793;1
50;827;4
50;828;1
50;829;4
50;847;1
50;852;1
50;856;2
50;857;1
50;858;1
50;861;1
50;864;4
50;865;1
50;866;1
50;868;1
50;869;4
50;875;1
50;881;1
50;889;1
50;891;2
50;892;4
50;905;1
50;918;4
50;921;4
50;925;2
50;926;1
50;933;1
50;936;1
50;949;4
50;950;4
50;954;3
50;956;2
50;957;4
50;958;4
50;966;4
50;990;1
50;991;1
50;1001;1
50;1024;3
50;1026;4
50;1027;1
50;1044;4
50;1057;1
50;1065;1
50;1070;2
50;1074;2
50;1076;4
50;1079;1
50;1091;1
50;1120;4
50;1127;1
50;1135;1
50;1137;1
50;1139;1
50;1141;1
50;1156;4
50;1167;4
50;1196;4
50;1198;1
50;1199;1
50;1200;4
50;1202;1
50;1203;4
50;1204;4
50;1207;4
50;1208;4
50;1209;4
50;1210;4
50;1211;4
50;1212;4
50;1234;1
50;1236;4
50;1238;3
51;406;4
51;505;1
52;1;1
52;11;1
52;55;1
52;81;1
52;160;1
52;188;1
52;223;1
52;228;1
52;347;2
52;370;1
52;401;3
52;432;4
52;447;3
52;505;1
52;509;1
52;577;3
52;590;2
52;767;2
52;917;1
52;987;4
52;1170;3
52;1228;3
52;1229;3
53;11;4
53;23;1
53;55;2
53;187;3
53;206;1
53;211;4
53;223;4
53;228;4
53;229;4
53;333;2
53;341;2
53;347;2
53;358;4
53;369;4
53;382;4
53;394;3
53;401;4
53;402;4
53;432;4
53;485;4
53;488;3
53;505;2
53;513;2
53;547;1
53;550;1
53;552;2
53;577;3
53;590;2
53;607;1
53;613;1
53;626;2
53;631;4
53;632;4
53;716;3
53;767;2
53;771;1
53;790;1
53;793;1
53;806;1
53;812;4
53;819;4
53;860;1
53;904;4
53;905;1
53;917;3
53;941;2
53;964;4
53;990;2
53;1003;1
53;1005;4
53;1007;4
53;1013;2
53;1048;4
53;1060;4
53;1099;1
53;1134;4
53;1163;4
53;1164;3
53;1169;4
53;1171;1
53;1192;1
53;1237;1
54;70;1
54;232;2
54;305;1
54;347;1
54;358;1
54;391;3
54;430;1
54;432;4
54;463;2
54;505;2
54;521;4
54;530;4
54;640;2
54;675;1
54;749;1
54;779;2
54;820;4
54;828;3
54;847;1
54;890;2
54;1056;1
54;1070;2
54;1156;1
54;1205;3
55;55;1
55;89;2
55;123;1
55;135;1
55;181;3
55;185;2
55;212;3
55;288;2
55;290;2
55;292;2
55;414;1
55;424;1
55;432;1
55;443;1
55;450;1
55;758;1
55;767;4
55;783;1
55;794;1
55;919;1
55;924;1
55;925;1
55;928;1
55;970;1
55;972;1
55;1066;1
55;1091;2
55;1093;1
55;1102;1
55;1115;1
55;1234;1
55;1239;1
56;1;4
56;6;1
56;8;1
56;11;1
56;62;1
56;79;1
56;80;1
56;81;1
56;160;2
56;177;1
56;178;3
56;188;2
56;200;1
56;223;4
56;228;1
56;282;2
56;346;3
56;369;1
56;370;3
56;394;3
56;397;1
56;415;1
56;432;3
56;447;1
56;513;1
56;577;1
56;588;3
56;590;4
56;668;1
56;778;3
56;784;1
56;790;3
56;812;2
56;833;1
56;860;3
56;865;3
56;890;2
56;905;3
56;983;3
56;986;3
56;987;4
56;988;3
56;989;2
56;1086;1
56;1090;1
56;1091;2
56;1095;3
56;1170;1
56;1171;1
56;1173;3
56;1203;2
57;1;4
57;6;4
57;7;4
57;43;1
57;48;2
57;55;3
57;60;1
57;62;4
57;63;3
57;80;4
57;81;1
57;82;3
57;102;1
57;111;1
57;160;4
57;164;1
57;178;4
57;179;3
57;187;3
57;188;4
57;200;2
57;223;4
57;228;3
57;229;3
57;271;3
57;282;2
57;335;2
57;346;4
57;347;4
57;366;1
57;369;3
57;370;2
57;384;1
57;392;1
57;394;4
57;397;1
57;402;1
57;415;2
57;427;1
57;429;1
57;432;4
57;447;4
57;457;1
57;463;1
57;485;1
57;505;3
57;511;1
57;513;3
57;517;1
57;550;1
57;577;4
57;588;4
57;589;3
57;590;4
57;591;4
57;609;1
57;614;4
57;631;3
57;668;3
57;748;1
57;749;1
57;769;4
57;778;4
57;784;2
57;790;4
57;805;1
57;812;4
57;820;1
57;860;4
57;865;4
57;874;4
57;890;4
57;903;2
57;905;3
57;912;1
57;917;4
57;964;1
57;983;4
57;986;4
57;987;4
57;988;4
57;989;4
57;990;1
57;1005;1
57;1025;2
57;1077;3
57;1086;1
57;1090;1
57;1091;2
57;1134;1
57;1170;4
57;1171;4
57;1173;4
57;1228;1
57;1234;1
58;1;1
58;6;1
58;11;1
58;18;2
58;45;1
58;48;3
58;55;4
58;62;1
58;63;1
58;67;1
58;79;1
58;80;1
58;81;2
58;84;3
58;102;4
58;107;3
58;110;1
58;111;1
58;122;2
58;160;2
58;164;1
58;166;2
58;177;1
58;179;1
58;187;1
58;188;1
58;191;3
58;200;1
58;214;4
58;223;4
58;228;4
58;229;4
58;245;1
58;275;3
58;279;4
58;281;1
58;284;4
58;306;1
58;333;1
58;335;3
58;346;2
58;347;2
58;365;4
58;366;4
58;369;1
58;370;3
58;382;1
58;386;2
58;392;2
58;394;4
58;397;4
58;401;4
58;402;4
58;415;1
58;425;1
58;427;1
58;430;1
58;432;4
58;442;1
58;444;1
58;447;1
58;452;1
58;465;1
58;485;2
58;504;1
58;505;4
58;509;4
58;513;4
58;521;1
58;524;1
58;530;1
58;565;4
58;572;3
58;574;3
58;577;4
58;588;3
58;590;3
58;591;1
58;607;1
58;608;3
58;609;1
58;614;1
58;631;2
58;668;4
58;670;4
58;678;1
58;679;1
58;685;1
58;689;4
58;738;1
58;748;1
58;767;4
58;769;1
58;778;2
58;784;4
58;790;3
58;812;4
58;820;1
58;827;2
58;828;1
58;833;4
58;860;2
58;865;4
58;869;1
58;874;2
58;882;1
58;903;4
58;905;4
58;912;1
58;917;2
58;936;4
58;937;1
58;964;1
58;977;1
58;983;2
58;986;2
58;987;1
58;988;2
58;989;4
58;990;1
58;1005;1
58;1007;1
58;1025;4
58;1044;2
58;1056;1
58;1060;2
58;1071;1
58;1074;4
58;1075;1
58;1077;4
58;1091;2
58;1095;4
58;1097;1
58;1102;4
58;1134;1
58;1143;1
58;1163;4
58;1170;1
58;1171;4
58;1172;2
58;1173;3
58;1203;1
58;1205;4
58;1228;1
58;1232;1
59;17;2
59;87;1
59;100;4
59;155;3
59;241;4
59;267;3
59;322;3
59;340;1
59;348;4
59;354;1
59;370;1
59;446;3
59;519;2
59;550;1
59;587;3
59;597;3
59;653;2
59;698;4
59;722;1
59;724;1
59;751;1
59;764;1
59;990;2
59;1000;1
59;1004;4
59;1040;1
59;1041;3
59;1043;3
59;1046;1
59;1047;3
59;1104;1
59;1110;2
59;1192;2
59;1194;1
60;10;2
60;56;1
60;62;1
60;63;1
60;114;1
60;132;1
60;187;1
60;195;4
60;196;4
60;197;1
60;200;1
60;226;1
60;298;1
60;347;1
60;358;1
60;370;3
60;383;4
60;427;1
60;432;2
60;434;1
60;437;4
60;439;1
60;465;3
60;481;3
60;490;3
60;498;2
60;500;1
60;501;4
60;502;4
60;505;4
60;511;2
60;517;1
60;531;4
60;532;1
60;535;1
60;565;1
60;570;2
60;590;2
60;605;4
60;668;1
60;685;4
60;726;1
60;735;1
60;738;1
60;739;1
60;741;1
60;754;4
60;763;1
60;767;1
60;827;1
60;847;1
60;864;1
60;865;1
60;875;1
60;882;1
60;912;1
60;944;1
60;969;4
60;980;1
60;990;1
60;1040;1
60;1079;4
60;1092;1
60;1093;1
60;1098;1
60;1188;1
60;1207;1
60;1208;1
60;1234;1
60;1236;1
61;10;1
61;17;4
61;24;1
61;43;1
61;56;2
61;60;1
61;62;1
61;63;3
61;64;3
61;69;1
61;72;1
61;88;1
61;94;1
61;110;1
61;144;2
61;148;4
61;155;4
61;160;1
61;182;1
61;192;3
61;193;4
61;194;3
61;197;3
61;200;2
61;211;1
61;224;1
61;226;4
61;237;1
61;238;2
61;244;1
61;267;1
61;297;2
61;321;1
61;322;1
61;330;1
61;331;3
61;333;2
61;340;1
61;348;2
61;349;1
61;354;2
61;358;1
61;359;2
61;370;4
61;372;1
61;382;2
61;383;1
61;427;1
61;429;1
61;434;1
61;437;3
61;438;4
61;446;1
61;458;1
61;459;1
61;460;1
61;465;1
61;472;1
61;473;3
61;479;1
61;486;1
61;505;1
61;537;1
61;539;1
61;550;4
61;551;1
61;558;2
61;559;1
61;580;1
61;586;1
61;590;1
61;607;3
61;643;1
61;663;2
61;677;1
61;698;3
61;703;2
61;704;1
61;722;4
61;724;2
61;729;1
61;731;1
61;734;1
61;735;1
61;736;3
61;761;2
61;763;3
61;764;2
61;767;1
61;768;3
61;783;1
61;787;1
61;803;3
61;804;1
61;806;4
61;819;1
61;821;1
61;822;1
61;837;3
61;842;4
61;843;1
61;844;1
61;845;1
61;870;1
61;879;1
61;880;1
61;882;2
61;885;1
61;886;1
61;888;2
61;889;1
61;904;3
61;907;3
61;912;1
61;913;1
61;914;1
61;920;1
61;937;1
61;941;3
61;944;1
61;945;1
61;964;1
61;969;1
61;990;2
61;1000;2
61;1022;1
61;1023;2
61;1032;1
61;1033;1
61;1038;1
61;1039;1
61;1040;1
61;1042;1
61;1071;1
61;1073;4
61;1080;1
61;1093;1
61;1104;1
61;1151;4
61;1192;1
61;1195;1
61;1214;3
61;1232;1
61;1234;2
62;1;1
62;23;1
62;62;1
62;63;1
62;166;1
62;322;2
62;347;3
62;370;1
62;374;1
62;429;4
62;434;3
62;437;1
62;438;1
62;463;4
62;490;1
62;499;3
62;500;1
62;501;1
62;502;1
62;505;1
62;592;2
62;669;1
62;698;1
62;704;1
62;724;1
62;763;1
62;803;1
62;805;2
62;821;1
62;922;1
62;976;3
62;980;1
62;1040;1
62;1091;1
62;1155;4
62;1171;3
62;1192;3
62;1228;3
62;1229;3
63;17;2
63;20;1
63;22;4
63;24;1
63;64;4
63;144;2
63;148;2
63;155;1
63;160;1
63;197;2
63;227;1
63;267;1
63;322;1
63;331;1
63;349;1
63;358;1
63;370;3
63;372;4
63;382;1
63;434;1
63;437;4
63;472;1
63;550;1
63;590;1
63;605;1
63;606;1
63;674;1
63;698;1
63;703;1
63;722;1
63;724;1
63;768;1
63;814;4
63;842;4
63;844;1
63;882;1
63;889;1
63;907;1
63;944;1
63;963;2
63;1000;1
63;1033;1
63;1038;4
63;1067;1
63;1071;1
63;1076;1
63;1091;1
63;1093;1
63;1188;1
63;1195;4
64;17;2
64;20;4
64;22;3
64;24;4
64;64;4
64;87;2
64;93;1
64;132;1
64;135;1
64;144;4
64;148;2
64;155;4
64;192;3
64;194;4
64;197;2
64;206;4
64;211;4
64;224;1
64;227;1
64;238;1
64;267;1
64;297;1
64;322;1
64;323;1
64;331;2
64;341;2
64;349;4
64;358;1
64;368;4
64;370;4
64;372;4
64;383;1
64;386;1
64;387;4
64;388;4
64;437;4
64;519;1
64;539;1
64;543;1
64;546;1
64;550;1
64;578;4
64;587;1
64;597;1
64;599;1
64;606;4
64;611;1
64;629;1
64;653;2
64;674;4
64;699;4
64;722;3
64;736;4
64;763;1
64;788;1
64;803;1
64;814;2
64;819;1
64;821;2
64;833;1
64;842;4
64;882;1
64;885;4
64;886;4
64;889;1
64;904;3
64;913;1
64;963;1
64;964;3
64;990;1
64;1000;1
64;1006;1
64;1007;3
64;1038;4
64;1042;1
64;1045;3
64;1046;4
64;1048;2
64;1067;3
64;1073;4
64;1092;1
64;1093;1
64;1099;4
64;1149;1
64;1150;1
64;1151;4
64;1153;1
64;1164;1
64;1188;1
64;1195;4
64;1214;1
64;1232;1
64;1234;1
64;1237;4
65;1;1
65;10;1
65;11;1
65;13;1
65;17;2
65;22;1
65;63;1
65;100;3
65;148;2
65;155;1
65;160;1
65;166;1
65;187;1
65;200;3
65;267;1
65;322;4
65;340;3
65;348;4
65;350;3
65;370;4
65;385;1
65;427;1
65;429;4
65;434;4
65;446;1
65;463;3
65;498;1
65;558;2
65;590;1
65;605;1
65;607;1
65;630;1
65;698;3
65;722;1
65;724;1
65;731;1
65;736;1
65;763;2
65;767;1
65;771;1
65;788;1
65;821;3
65;837;1
65;882;1
65;907;1
65;912;1
65;913;1
65;944;2
65;969;1
65;976;1
65;980;1
65;990;1
65;1004;1
65;1098;1
65;1104;1
65;1109;1
65;1134;1
65;1155;3
65;1192;4
65;1194;2
65;1195;1
65;1214;1
65;1226;1
66;43;1
66;61;1
66;148;4
66;354;1
66;370;3
66;472;3
66;473;1
66;519;1
66;724;2
66;764;1
66;842;2
66;910;3
66;914;3
66;1234;1
67;11;1
67;64;1
67;90;4
67;135;1
67;195;3
67;206;4
67;297;1
67;327;1
67;331;1
67;341;2
67;349;4
67;358;1
67;359;1
67;370;1
67;437;1
67;438;3
67;543;4
67;546;2
67;550;1
67;607;1
67;632;1
67;734;2
67;819;1
67;826;1
67;838;1
67;882;1
67;889;1
67;904;4
67;913;1
67;944;1
67;964;3
67;969;1
67;1000;1
67;1003;4
67;1040;1
67;1046;1
67;1048;2
67;1093;1
67;1099;3
67;1134;1
67;1149;1
67;1150;1
67;1164;3
67;1172;1
67;1234;1
68;193;4
68;326;1
68;327;2
68;359;4
68;363;4
68;370;4
68;438;4
68;550;1
68;703;4
68;724;1
68;837;1
68;907;4
68;944;3
68;1000;3
68;1234;3
69;17;1
69;327;2
69;340;4
69;370;4
69;438;4
69;698;4
69;722;1
69;804;4
69;837;1
69;944;3
69;952;1
69;1000;3
69;1009;4
69;1032;4
69;1104;4
69;1232;1
69;1234;3
70;11;1
70;56;1
70;148;4
70;327;1
70;370;1
70;547;1
71;58;3
71;250;1
71;323;3
71;333;1
71;682;4
71;683;3
71;732;4
71;733;1
71;837;1
71;941;1
71;1000;1
71;1019;1
71;1125;1
72;50;4
72;224;4
72;227;4
72;359;4
72;370;4
72;438;4
72;629;3
72;630;4
72;724;1
72;806;3
72;843;4
72;844;4
72;990;1
72;1000;1
72;1093;1
72;1228;1
72;1229;1
72;1234;1
73;148;3
73;370;1
73;724;2
73;910;4
73;914;4
73;1000;1
73;1093;1
74;100;1
74;241;2
74;273;2
74;316;4
74;348;2
74;354;2
74;359;3
74;370;4
74;446;4
74;519;2
74;587;2
74;597;1
74;751;2
74;757;1
74;837;1
74;944;3
74;1043;1
74;1047;1
74;1110;3
74;1234;1
74;1235;1
75;329;1
75;330;1
75;359;2
75;370;2
75;437;4
75;438;3
75;606;4
75;731;1
75;882;1
75;889;1
75;1007;3
75;1023;1
75;1039;1
75;1048;2
75;1080;1
75;1134;1
75;1188;4
76;25;2
76;27;4
76;31;1
76;50;1
76;90;4
76;128;2
76;135;2
76;148;1
76;168;1
76;195;4
76;197;1
76;224;4
76;226;1
76;227;3
76;267;1
76;297;1
76;298;1
76;321;1
76;323;4
76;326;1
76;327;4
76;329;3
76;330;2
76;333;1
76;359;4
76;370;4
76;428;1
76;437;4
76;438;4
76;542;2
76;546;4
76;550;1
76;551;1
76;558;1
76;586;1
76;592;2
76;629;4
76;630;4
76;663;1
76;722;1
76;724;1
76;729;1
76;731;1
76;734;4
76;735;1
76;754;4
76;806;1
76;826;1
76;837;1
76;839;1
76;843;4
76;844;4
76;845;1
76;879;1
76;882;1
76;889;1
76;912;1
76;937;1
76;939;4
76;941;1
76;944;1
76;963;4
76;990;1
76;1006;4
76;1012;4
76;1023;1
76;1034;4
76;1035;4
76;1040;1
76;1080;1
76;1092;1
76;1093;1
76;1134;1
76;1138;4
76;1149;4
76;1150;3
76;1152;4
76;1153;4
76;1188;1
76;1220;4
76;1232;1
76;1234;3
77;61;3
77;65;1
77;82;1
77;90;1
77;93;1
77;135;1
77;146;2
77;152;2
77;159;4
77;161;1
77;179;2
77;184;1
77;188;1
77;238;1
77;253;4
77;255;4
77;265;1
77;282;1
77;315;1
77;320;4
77;321;1
77;326;1
77;330;1
77;333;1
77;359;1
77;370;3
77;373;4
77;427;2
77;438;2
77;451;1
77;452;4
77;459;3
77;460;1
77;479;1
77;556;2
77;648;1
77;663;1
77;680;4
77;686;4
77;696;1
77;718;1
77;722;1
77;724;1
77;731;1
77;734;1
77;753;1
77;800;1
77;802;4
77;838;1
77;884;1
77;889;1
77;912;1
77;944;1
77;945;1
77;1010;2
77;1015;1
77;1019;1
77;1021;4
77;1042;1
77;1065;1
77;1069;1
77;1071;2
77;1078;1
77;1081;2
77;1086;1
77;1089;1
77;1090;1
77;1091;3
77;1093;1
77;1111;4
77;1112;1
77;1118;1
77;1179;3
77;1180;3
77;1181;4
77;1227;2
77;1234;2
78;65;1
78;75;1
78;123;4
78;132;1
78;135;2
78;146;1
78;148;1
78;179;1
78;184;1
78;255;1
78;315;1
78;320;3
78;330;2
78;333;1
78;359;3
78;370;1
78;373;3
78;384;3
78;427;1
78;438;4
78;452;1
78;648;4
78;650;4
78;663;1
78;826;2
78;829;1
78;838;1
78;882;1
78;912;1
78;923;3
78;944;2
78;945;3
78;1000;1
78;1010;1
78;1023;1
78;1065;1
78;1082;3
78;1089;1
78;1091;2
78;1112;4
78;1179;2
78;1181;4
78;1234;2
79;61;1
79;135;1
79;152;1
79;159;2
79;238;2
79;330;1
79;333;2
79;427;1
79;438;1
79;451;1
79;452;1
79;453;1
79;458;4
79;459;1
79;460;4
79;612;1
79;663;1
79;696;3
79;722;1
79;753;4
79;800;4
79;884;1
79;912;1
79;945;3
79;1010;1
79;1042;3
79;1065;1
79;1071;2
79;1078;4
79;1091;1
79;1179;1
79;1180;1
79;1227;4
79;1234;3
80;31;1
80;90;3
80;93;1
80;132;1
80;135;1
80;195;1
80;253;1
80;321;4
80;326;3
80;359;1
80;370;4
80;438;4
80;542;3
80;546;4
80;550;1
80;551;1
80;586;1
80;592;1
80;729;1
80;731;1
80;734;4
80;941;2
80;944;1
80;990;1
80;1092;3
80;1134;1
80;1232;1
80;1234;1
81;25;4
81;31;1
81;90;4
81;93;4
81;132;1
81;135;4
81;148;1
81;152;1
81;159;2
81;189;1
81;195;1
81;197;1
81;238;1
81;253;4
81;297;1
81;321;4
81;326;4
81;327;3
81;330;1
81;331;1
81;333;1
81;359;4
81;370;4
81;427;1
81;438;4
81;458;2
81;542;3
81;543;2
81;546;4
81;550;1
81;551;1
81;586;1
81;592;1
81;722;1
81;724;1
81;729;1
81;731;1
81;734;4
81;826;1
81;837;1
81;845;1
81;879;1
81;882;1
81;889;1
81;904;1
81;912;1
81;937;1
81;941;2
81;944;2
81;952;1
81;963;4
81;990;1
81;1000;1
81;1003;3
81;1040;1
81;1078;1
81;1092;1
81;1150;1
81;1188;1
81;1227;1
81;1232;1
81;1234;3
82;18;4
82;166;4
82;187;1
82;238;1
82;366;1
82;370;3
82;394;1
82;427;1
82;430;1
82;432;4
82;447;2
82;463;1
82;501;1
82;505;2
82;517;1
82;550;1
82;590;2
82;609;1
82;668;1
82;767;1
82;905;1
82;912;1
82;988;1
82;989;1
82;1074;1
82;1077;2
82;1091;1
82;1102;3
82;1143;3
82;1170;1
82;1171;1
82;1203;4
83;8;2
83;160;4
83;333;1
83;346;1
83;384;1
83;555;1
83;590;1
83;778;1
83;837;1
83;912;1
83;922;2
83;952;1
83;986;2
83;1086;1
83;1112;2
83;1179;1
84;29;4
84;58;3
84;88;1
84;98;1
84;179;1
84;200;2
84;202;4
84;250;1
84;370;2
84;427;1
84;432;1
84;438;1
84;469;1
84;475;3
84;589;1
84;590;1
84;724;1
84;732;1
84;733;1
84;888;1
84;912;1
84;941;1
84;969;1
84;982;3
84;983;1
84;1018;4
84;1019;1
84;1022;1
84;1036;1
84;1065;1
84;1118;4
85;8;4
85;61;1
85;85;1
85;110;4
85;135;2
85;148;4
85;152;2
85;160;3
85;200;1
85;238;2
85;271;4
85;330;2
85;346;4
85;370;3
85;384;1
85;427;1
85;505;2
85;554;4
85;555;1
85;577;1
85;586;1
85;590;4
85;722;3
85;731;1
85;763;2
85;769;3
85;922;1
85;944;2
85;945;2
85;952;1
85;983;3
85;990;1
85;1000;2
85;1015;1
85;1033;1
85;1071;1
85;1077;1
85;1086;1
85;1090;1
85;1091;2
85;1112;1
85;1118;1
85;1173;2
85;1181;1
85;1227;1
85;1232;1
85;1234;1
86;187;4
86;223;2
86;228;4
86;229;4
86;333;2
86;369;4
86;370;4
86;382;1
86;394;1
86;401;2
86;432;4
86;438;3
86;485;1
86;513;2
86;550;2
86;590;3
86;631;2
86;632;1
86;668;1
86;722;1
86;812;2
86;819;2
86;833;1
86;860;3
86;945;1
86;990;1
86;1005;4
86;1007;1
86;1015;4
86;1025;1
86;1032;1
86;1060;3
86;1071;2
86;1134;2
86;1163;1
86;1169;1
86;1180;1
86;1234;1
87;370;3
87;443;1
87;457;4
87;590;3
87;614;3
87;668;1
87;678;2
87;679;2
87;702;1
87;945;1
87;990;1
87;1091;4
87;1134;1
87;1144;1
88;79;3
88;152;1
88;176;4
88;177;2
88;179;1
88;260;4
88;265;1
88;370;1
88;469;4
88;479;1
88;590;1
88;706;2
88;778;1
88;905;3
88;912;3
88;1065;1
88;1086;1
89;7;4
89;160;1
89;161;1
89;176;4
89;177;4
89;200;4
89;260;3
89;265;4
89;370;1
89;451;4
89;479;3
89;505;1
89;589;1
89;590;4
89;763;1
89;778;2
89;874;1
89;884;4
89;912;4
89;987;1
89;1065;1
89;1071;1
89;1086;4
89;1089;1
89;1090;3
89;1091;3
89;1234;1
89;1238;1
90;1;1
90;3;1
90;4;1
90;8;1
90;9;1
90;11;2
90;13;1
90;15;2
90;17;2
90;21;1
90;29;4
90;30;1
90;32;1
90;33;1
90;40;1
90;41;1
90;45;1
90;46;2
90;50;1
90;56;1
90;57;4
90;58;4
90;59;4
90;60;1
90;69;4
90;78;1
90;88;4
90;92;1
90;94;1
90;95;4
90;97;4
90;98;4
90;100;1
90;103;3
90;105;3
90;109;3
90;115;2
90;116;3
90;118;1
90;119;3
90;121;1
90;122;1
90;124;1
90;128;1
90;134;1
90;135;1
90;139;4
90;147;1
90;163;1
90;166;1
90;170;1
90;173;1
90;174;4
90;181;1
90;182;4
90;183;3
90;186;3
90;189;1
90;199;2
90;202;3
90;204;3
90;211;1
90;226;1
90;237;1
90;240;3
90;241;2
90;242;1
90;243;1
90;244;1
90;248;1
90;250;4
90;256;1
90;259;1
90;261;1
90;263;1
90;264;1
90;265;1
90;266;4
90;267;4
90;268;1
90;272;1
90;274;1
90;275;1
90;276;1
90;278;1
90;279;1
90;281;1
90;283;1
90;286;1
90;287;1
90;294;4
90;297;2
90;300;1
90;301;1
90;314;3
90;317;3
90;322;4
90;331;1
90;333;1
90;339;4
90;348;1
90;351;2
90;352;2
90;353;4
90;354;2
90;355;1
90;359;3
90;361;2
90;362;4
90;364;3
90;370;4
90;376;4
90;381;4
90;385;4
90;392;1
90;395;4
90;396;4
90;398;2
90;405;1
90;412;1
90;413;4
90;416;1
90;422;4
90;423;2
90;426;1
90;428;1
90;431;1
90;434;2
90;443;2
90;454;1
90;455;1
90;466;3
90;468;4
90;473;1
90;474;3
90;475;4
90;478;3
90;485;1
90;486;2
90;489;1
90;508;2
90;512;2
90;538;1
90;545;2
90;549;1
90;550;4
90;551;1
90;552;4
90;553;1
90;559;2
90;562;1
90;579;3
90;582;1
90;586;1
90;594;4
90;598;4
90;601;2
90;603;3
90;611;3
90;615;4
90;626;1
90;641;4
90;642;1
90;643;1
90;648;1
90;659;1
90;667;1
90;673;1
90;682;3
90;683;3
90;684;3
90;688;1
90;690;2
90;694;1
90;695;3
90;700;4
90;704;1
90;714;2
90;719;1
90;720;2
90;722;4
90;724;2
90;725;1
90;727;1
90;728;4
90;729;1
90;731;1
90;732;4
90;733;4
90;735;1
90;751;1
90;752;4
90;756;4
90;759;4
90;762;1
90;763;4
90;764;3
90;767;1
90;768;1
90;770;4
90;771;1
90;772;2
90;773;1
90;779;1
90;781;4
90;782;1
90;784;3
90;787;4
90;788;1
90;791;2
90;794;1
90;796;3
90;797;4
90;798;2
90;799;3
90;801;4
90;803;3
90;808;4
90;809;1
90;822;4
90;833;4
90;834;1
90;835;1
90;836;2
90;838;1
90;844;1
90;854;1
90;859;4
90;866;1
90;867;1
90;868;1
90;870;4
90;872;2
90;875;1
90;880;1
90;882;1
90;883;1
90;888;2
90;893;4
90;894;1
90;896;1
90;897;1
90;900;3
90;906;1
90;913;1
90;914;1
90;935;2
90;941;2
90;944;1
90;947;1
90;965;4
90;974;4
90;982;2
90;985;4
90;990;2
90;992;1
90;993;1
90;997;4
90;998;4
90;1000;4
90;1018;4
90;1019;1
90;1023;1
90;1033;1
90;1040;1
90;1041;1
90;1043;1
90;1047;1
90;1051;1
90;1054;1
90;1056;1
90;1057;1
90;1058;1
90;1063;1
90;1080;1
90;1085;1
90;1091;1
90;1093;1
90;1095;4
90;1097;3
90;1098;4
90;1103;1
90;1106;1
90;1107;1
90;1108;1
90;1115;1
90;1116;1
90;1118;4
90;1119;1
90;1125;3
90;1134;1
90;1177;4
90;1184;4
90;1186;1
90;1189;4
90;1191;2
90;1192;1
90;1216;4
90;1217;4
90;1219;4
90;1226;4
90;1232;1
90;1234;2
90;1235;2
91;17;1
91;43;1
91;111;1
91;130;1
91;135;3
91;136;1
91;148;1
91;181;1
91;185;1
91;189;1
91;193;1
91;200;1
91;213;4
91;226;2
91;238;3
91;258;4
91;333;2
91;342;1
91;354;3
91;370;3
91;377;2
91;392;1
91;429;1
91;434;1
91;446;1
91;465;2
91;472;4
91;473;4
91;479;1
91;489;4
91;492;1
91;503;1
91;510;1
91;514;2
91;550;2
91;559;2
91;586;1
91;596;1
91;599;4
91;607;1
91;611;3
91;643;1
91;653;1
91;661;4
91;671;1
91;687;1
91;692;1
91;705;3
91;722;4
91;724;4
91;729;1
91;731;1
91;735;1
91;763;2
91;764;2
91;767;1
91;778;3
91;783;4
91;788;1
91;804;1
91;806;1
91;822;1
91;824;1
91;826;1
91;837;1
91;838;1
91;839;1
91;842;4
91;845;1
91;856;1
91;858;2
91;859;1
91;879;4
91;883;1
91;888;1
91;889;1
91;908;1
91;910;2
91;914;3
91;915;1
91;926;1
91;930;2
91;934;3
91;940;1
91;941;2
91;944;1
91;946;1
91;952;4
91;990;2
91;1000;4
91;1014;1
91;1023;1
91;1031;1
91;1033;4
91;1040;1
91;1066;1
91;1071;1
91;1093;1
91;1147;4
91;1151;1
91;1186;1
91;1188;1
91;1192;2
91;1195;4
91;1226;1
91;1227;1
91;1232;4
91;1234;4
91;93;2
91;113;4
91;145;4
91;180;4
91;272;4
91;422;1
91;467;2
91;489;2
91;550;1
91;586;2
91;722;1
91;724;1
91;873;1
91;999;1
91;1000;1
91;1020;1
91;1023;1
91;1033;1
91;1233;1
92;78;2
92;114;1
92;122;1
92;123;1
92;137;1
92;192;1
92;209;2
92;270;1
92;277;1
92;282;1
92;309;4
92;311;4
92;322;1
92;359;1
92;370;2
92;400;1
92;435;1
92;436;1
92;440;4
92;442;1
92;494;4
92;498;4
92;504;1
92;505;1
92;533;1
92;536;4
92;571;1
92;742;4
92;745;4
92;789;2
92;955;4
92;1016;1
92;1091;1
92;1092;1
92;1121;4
92;1143;4
92;1156;4
92;1158;1
92;1197;4
92;1199;4
92;1200;1
92;1204;4
92;1223;4
93;12;1
93;30;4
93;43;1
93;192;1
93;257;1
93;322;1
93;603;3
93;606;3
93;1097;1
94;9;1
94;40;2
94;43;1
94;75;4
94;454;4
94;455;4
94;520;2
94;526;2
94;527;1
94;673;4
94;883;1
94;1087;1
95;52;1
95;68;1
95;135;1
95;140;2
95;190;1
95;392;1
95;416;2
95;538;1
95;539;4
95;751;3
95;757;4
96;145;4
96;180;3
96;270;1
96;272;3
96;362;1
96;467;1
96;595;1
96;667;1
96;728;4
96;782;4
96;787;3
96;985;3
96;1018;1
96;1019;1
96;1118;2
97;268;4
97;324;4
97;449;4
97;992;3
97;1191;2
98;59;2
98;183;4
98;370;4
98;579;4
98;803;2
98;833;2
98;1000;4
98;1017;4
98;1033;1
98;1097;2
98;1232;2
